driver_id,total_fare,avg_distance
92,245.14000000000001,16.560000000000002
